"CO_CODIGO_GRUPO";"NO_DESCRICAO_GRUPO";"TP_ORIGEM";"TP_HABILITACAO"
"9201";"PRE NATAL";"";"R"
"9202";"PARTO E NASCIMENTO";"";"R"
"9203";"PUERPERIO E ATENCAO INTEGRAL A SAUDE DA CRIANÇA";"";"R"
"8232";"CEO-II - Rede de Cuidados ŕ Pessoa com Deficięncia";"";"I"
"9301";"PROMOÇĂO PREVENÇĂO E VIGILANCIA A SAUDE ";"";"R"
"9302";"ATENÇĂO BASICA EM SAUDE ";"";"R"
"9303";"SERVIÇO DE ATENDIMENTO MOVEL (SAMU) E SUAS CENTRAIS DE REGULAÇĂO MEDICA DE URGENCIAS";"";"R"
"9304";"SALA DE ESTABILIZAÇĂO";"";"R"
"9305";"FORÇA NACIONAL DE SAUDE DO SUS";"";"R"
"9306";"UNIDADES DE PRONTO ATENDIMENTO (UPA 24h) E CONJUNTO DE SERVIÇOS DE URGENCIA 24 HORAS";"";"R"
"9307";"HOSPITALAR";"";"R"
"9308";"ATENÇĂO DOMICILIAR";"";"R"
"9401";"ATENÇĂO BASICA EM SAUDE";"";"R"
"9402";"ATENÇĂO PSICOSSOCIAL ESPECIALIZADA";"";"R"
"9403";"ATENÇĂO DE URGENCIA E EMERGĘNCIA";"";"R"
"9404";"ATENÇĂO RESIDENCIAL DE CARATER TRANSITORIO";"";"R"
"9405";"ATENÇĂO HOSPITALAR";"";"R"
"8231";"CEO-I - Rede de Cuidados ŕ Pessoa com Deficięncia";"";"I"
"9406";"REABILITAÇĂO PSICOSSOCIAL";"";"R"
"8233";"CEO-III - Rede de Cuidados ŕ Pessoa com Deficięncia";"";"I"
"8234";"Oficina Ortopédica Fixa";"";"I"
"8235";"Oficina Ortopédica Itinerante Terrestre";"";"I"
"8236";"OFICINA ORTOPEDICA ITINERANTE FLUVIAL";"";"I"
"2806";"LEITO COM SUPORTE VENTILATÓRIO PULMONAR - COVID-19";"";"H"
"8256";"QUALIFICACAO UPA 24H NOVA OPCAO I";"";"I"
"0508";"TRATAMENTO DO GLAUCOMA COM MEDICAMENTOS DO COMPONENTE ESPECIALIZADO DA ASSISTENCIA FARMACEUTICA (CEAF)
";"";"H"
"8257";"QUALIFICACAO UPA 24H NOVA OPCAO II";"";"I"
"8258";"QUALIFICACAO UPA 24H NOVA OPCAO IV";"";"I"
"8259";"QUALIFICACAO UPA 24H NOVA OPCAO VI";"";"I"
"8260";"QUALIFICACAO UPA 24H NOVA OPCAO VII";"";"I"
"8261";"UPA 24H AMPLIADA OPCAO I";"";"I"
"8262";"UPA 24H AMPLIADA OPCAO II";"";"I"
"8263";"UPA 24H AMPLIADA OPCAO IV";"";"I"
"8264";"UPA 24H AMPLIADA OPCAO VI";"";"I"
"8265";"UPA 24H AMPLIADA OPCAO VII";"";"I"
"8266";"UPA 24H NOVA OPCAO I";"";"I"
"8267";"UPA 24H NOVA OPCAO II";"";"I"
"8268";"UPA 24H NOVA OPCAO IV";"";"I"
"8269";"UPA 24H NOVA OPCAO VI";"";"I"
"8270";"UPA 24H NOVA OPCAO VII";"";"I"
"0811";"QUALISUS CARDIO NIVEL A";"";"H"
"0812";"QUALISUS CARDIO NIVEL B";"";"H"
"0813";"QUALISUS CARDIO NIVEL C";"";"H"
"0814";"QUALISUS CARDIO NIVEL D";"";"H"
"1722";"TRATAMENTOS INTEGRADOS SINCRONICOS EM ONCOLOGIA";"";"H"
"2608";"UNIDADE DE TERAPIA INTENSIVA CORONARIANA - UCO TIPO II";"";"H"
"0904";"ADESĂO DO ESTADO AO PRO- GRAMA SAÚDENA ESCOLA";"";"S"
"0905";"ENFERMIDADES ONCOLOGICAS";"";"S"
"0906";"ADESĂO DO MUNICIPIO AO PROGRAMA SAÚ-DE NA ESCO- LA-PSE";"";"S"
"8241";"UPA 24H NOVA OPCAO III";"";"I"
"8242";"UPA 24H NOVA OPCAO V";"";"I"
"8243";"UPA 24H NOVA OPCAO VIII";"";"I"
"3601";"SITIO TESTADOR DE ACIDOS NUCLEICOS (SIT-NAT)";"";"H"
"0637";"'CAPS AD IV";"";"H"
"7118";"'ESTABELECIMENTO SEM GERACAO DE CREDITO TOTAL";"";"R"
"4001";"DCEBAS ";"";"D"
"1410";"UNIDADE DE CENTRO DE PARTO NORMAL INTRA-HOSPITALAR TIPO I 3 PPP (CPNI I 3 PPP)";"";"H"
"1411";"UNIDADE DE CENTRO DE PARTO NORMAL INTRA-HOSPITALAR TIPO I 5 PPP (CPNI I 5 PPP)";"";"H"
"1412";"UNIDADE DE CENTRO DE PARTO NORMAL PERI-HOSPITALAR 5PPP";"";"H"
"1413";"ATENCAO HOSPITALAR DE REFERENCIA A GESTACAO DE ALTO RISCO TIPO I (GAR I)";"";"H"
"1414";"ATENCAO HOSPITALAR DE REFERENCIA A GESTACAO DE ALTO RISCO TIPO II (GAR II)";"";"H"
"1415";"CASA DA GESTANTE, BEBE E PUERPERA";"";"H"
"0916";"PROGRAMA DE SAUDE NA HORA - USF 60 HS";"";"S"
"0917";"PROGRAMA DE SAUDE NA HORA - USF 60 HS COM SAUDE BUCAL";"";"S"
"0918";"PROGRAMA DE SAUDE NA HORA - USF 75 HS COM SAUDE BUCAL";"";"S"
"8237";"CASA DA GESTANTE, BEBĘ E PUÉRPERA (CGBP)";"";"I"
"8112";"ACADEMIA DA SAÚDE EM MUNICÍPIOS COM NASF";"";"I"
"8113";"ACADEMIA DA SAÚDE EM MUNICÍPIOS SEM NASF";"";"I"
"8114";"CONSULTÓRIO ITINERANTE DE ENSINO EM ODONTOLOGIA";"";"I"
"8115";"CONSULTÓRIO ITINERANTE DE ENSINO EM OFTALMOLOGIA";"";"I"
"3501";"ATENÇĂO ESPECIALIZADA EIXO I DR DE ORIGEM GENÉTICA: 1 ANOMALIAS CONGĘNITAS OU DE MANIFESTAÇĂO TARDIA";"";"H"
"3502";"ATENÇĂO ESPECIALIZADA EIXO I DR DE ORIGEM GENÉTICA: 2 DEFICIENCIA INTELECTUAL";"";"H"
"3503";"ATENÇĂO ESPECIALIZADA EIXO I DR DE ORIGEM GENÉTICA: 3 ERRO INATO DO METABOLISMO (EIM)";"";"H"
"3504";"ATENÇĂO ESPECIALIZADA EIXO II DR DE ORIGEM NĂO GENÉTICA: 1 DOENÇAS RARAS INFLAMATÓRIAS";"";"H"
"3505";"ATENÇĂO ESPECIALIZADA EIXO II DR DE ORIGEM NĂO GENÉTICA: 2 DOENÇAS RARAS INFECCIOSAS";"";"H"
"3506";"ATENÇĂO ESPECIALIZADA EIXO II DR DE ORIGEM NĂO GENÉTICA: 2 DOENÇAS RARAS AUTOIMUNES";"";"H"
"3507";"SERVIÇO DE REFERĘNCIA EIXO I DR DE ORIGEM GENÉTICA: 1 ANOMALIAS CONGĘNITAS OU DE MANIFESTAÇĂO TARDIA";"";"H"
"3508";"SERVIÇO DE REFERĘNCIA EIXO I DR DE ORIGEM GENÉTICA: 2 DEFICIENCIA INTELECTUAL";"";"H"
"3509";"SERVIÇO DE REFERĘNCIA EIXO I DR DE ORIGEM GENÉTICA: 3 ERRO INATO DO METABOLISMO (EIM)";"";"H"
"3510";"SERVIÇO DE REFERĘNCIA EIXO II DR DE ORIGEM NĂO GENÉTICA 3-DOENÇAS RARAS AUTOIMUNES";"";"H"
"3511";"SERVIÇO DE REFERĘNCIA EIXO II DR DE ORIGEM NĂO GENÉTICA 2-DOENÇAS RARAS INFLAMATÓRIAS";"";"H"
"3512";"SERVIÇO DE REFERĘNCIA EIXO II DR DE ORIGEM NĂO GENÉTICA 1-DOENÇAS RARAS INFECCIOSAS";"";"H"
"3002";"ATENÇĂO ESPECIALIZADA NO PROCESSO TRANSEXUALIZADOR - MODALIDADE AMBULATORIAL";"";"H"
"3003";"ATENÇĂO ESPECIALIZADA NO PROCESSO TRANSEXUALIZADOR - MODALIDADE HOSPITALAR";"";"H"
"8254";"CENTRO DE INFORMAÇĂO E ASSISTĘNCIA TOXICOLÓGICA (CIATOX)";"";"I"
"2612";"UTI II ADULTO - SINDROME RESPIRATORIA AGUDA GRAVE (SRAG) - COVID-19";"";"H"
"2613";"UTI II PEDIATRICA - SINDROME RESPIRATORIA AGUDA GRAVE (SRAG) - COVID-19";"";"H"
"8271";"ENFERMARIA CLINICA DE RETAGUARDA - NOVOS";"";"I"
"8272";"ENFERMARIA CLINICA DE RETAGUARDA - QUALIFICADOS";"";"I"
"8273";"UTI ADULTO RUE TIPO II - NOVOS";"";"I"
"8274";"UTI ADULTO RUE TIPO II - QUALIFICADOS";"";"I"
"8275";"UTI PEDIATRICO RUE TIPO II - NOVOS";"";"I"
"8276";"UTI PEDIATRICO RUE TIPO II - QUALIFICADOS";"";"I"
"8277";"UTI ADULTO RUE TIPO III - NOVOS";"";"I"
"8278";"UTI ADULTO RUE TIPO III - QUALIFICADOS";"";"I"
"8279";"UTI PEDIATRICO RUE TIPO III - NOVOS";"";"I"
"8280";"UTI PEDIATRICO RUE TIPO III - QUALIFICADOS";"";"I"
"2609";"UNIDADE DE TERAPIA INTENSIVA CORONARIANA - UCO TIPO III";"";"H"
"1409";"SERVIÇO DIAGNÓSTICO DE FIBROSE CÍSTICA";"";"H"
"0203";"ASSISTĘNCIA DE ALTA COMPLEXIDADE AO INDIVÍDUO COM OBESIDADE";"";"H"
"0506";"TRATAMENTO DO GLAUCOMA COM MEDICAMENTOS NO AMBITO DA POLITICA NACIONAL DE ATENCAO OFTALMOLOGICA";"";"H"
"3401";"CENTRO DE TRAUMA TIPO I";"";"H"
"3402";"CENTRO DE TRAUMA TIPO II";"";"H"
"2518";"ADESĂO A ESTRATEGIA DE AUMENTO DO ACESSO AOS PROCEDIMENTOS-TOM";"";"H"
"3403";"CENTRO DE TRAUMA TIPO III";"";"H"
"1719";"SERVICO DE REFERENCIA PARA DIAGNOSTICO E TRATAMENTO DE LESOES PRECURSORAS DO CANCER DO COLO DE UTERO SRC";"";"H"
"1720";"SERVICO DE REFERENCIA PARA DIAGNOSTICO DE CANCER DE MAMA SDM";"";"H"
"0815";"IMPLANTE PERCUTÂNEO DE VÁLVULA AÓRTICA (TAVI)";"";"H"
"2425";"CADASTRAMENTO DE DOADORES VOLUNTARIOS DE MEDULA OSSEA E OUTROS PRECURSORES HEMATOPOETICOS";"";"H"
"2428";"ESTABELECIMENTO DE SAUDE DE NIVEL C";"";"H"
"2429";"ESTABELECIMENTO DE SAUDE DE NIVEL D";"";"H"
"2426";"ESTABELECIMENTO DE SAUDE DE NIVEL A";"";"H"
"2427";"ESTABELECIMENTO DE SAUDE DE NIVEL B";"";"H"
"0636";"SERVIÇOS HOSPITALARES DE REFERENCIA PARA ATENCAO A PESSOAS COM SOFRIMENTO OU TRANTORNO MENTAL INCLUINDO AQUELAS COM NECESSIDADES DECORRENTES DO USO DE ALCOOL E OUTRAS DROGAS";"";"H"
"2704";"SAMU 192 - SUPORTE BASICO DE VIDA";"";"H"
"2705";"SAMU 192 - SUPORTE AVANÇADO DE VIDA";"";"H"
"2706";"SAMU 192 - EQUIPE DE AEROMEDICO";"";"H"
"2707";"SAMU 192 - EQUIPE DE EMBARCAÇĂO";"";"H"
"2708";"SAMU 192 - VEÍCULOS DE INTERVENÇĂO RÁPIDA (VIR)";"";"H"
"2709";"SAMU 192 - MOTOLÂNCIA";"";"H"
"2710";"CENTRAL DE REGULAÇĂO DAS URGĘNCIAS";"";"H"
"8226";"Residęncia Terapęutica Tipo I";"";"I"
"8227";"Residęncia Terapęutica Tipo II";"";"I"
"8228";"UA adulto";"";"I"
"8229";"UA infantojuvenil";"";"I"
"8230";"SERVIÇO DE ATENÇĂO EM REGIME RESIDENCIAL";"";"I"
"1717";"ONCOLOGIA CIRÚRGICA HOSPITAL PORTE A";"";"H"
"1718";"ONCOLOGIA CIRÚRGICA HOSPITAL PORTE B";"";"H"
"8281";"MATERNIDADE E/OU HOSPITAL GERAL COM ATENCAO EM GESTACAO DE BAIXO RISCO (MAB I)";"";"I"
"8282";"MATERNIDADE E/OU HOSPITAL GERAL COM ATENCAO EM GESTACAO DE BAIXO RISCO (MAB II)";"";"I"
"8283";"MATERNIDADE E/OU HOSPITAL GERAL COM ATENCAO EM GESTACAO DE BAIXO RISCO (MAB III)";"";"I"
"8284";"ATENCAO ESPECIALIZADA A GESTACAO DE ALTO RISCO (AGAR)";"";"I"
"8285";"ATENCAO ESPECIALIZADA AO SEGUIMENTO DO RECEM-NASCIDO E CRIANÇAS EGRESSOS DE UNIDADES NEONATAIS (ANEO)";"";"I"
"0101";"CENTRO DE REFERENCIA EM ATENCAO A SAUDE DO IDOSO";"";"H"
"0201";"CENTRO DE REFERENCIA EM CIRURGIA BARIATRICA";"";"H"
"0301";"CENTROS/NUCLEOS PARA REALIZACAO DE IMPLANTE COCLEAR";"";"H"
"0302";"DIAGNOSTICO, TRATAMENTO E REABILITACAO AUDITIVA NA MEDIA COMPLEXIDADE.";"";"H"
"0303";"DIAGNOSTICO, TRATAMENTO E REABILITACAO AUDITIVA NA ALTA COMPLEXIDADE";"";"H"
"0401";"CENTRO DE TRATAMENTO DA MA FORMACAO LABIO PALATAL";"";"H"
"0402";"LABORATORIO REGIONAL DE PROTESE DENTARIA";"";"H"
"0403";"CENTRO DE ESPECIALIDADES ODONTOLOGICAS I";"";"H"
"0404";"CENTRO DE ESPECIALIDADES ODONTOLOGICAS II";"";"H"
"0501";"CENTRO DE REFERENCIA EM OFTALMOLOGIA - NIVEL I";"";"H"
"0502";"CENTRO DE REFERENCIA EM OFTALMOLOGIA - NIVEL II";"";"H"
"0601";"CLASSE I";"";"H"
"0602";"CLASSE II";"";"H"
"0603";"CLASSE III";"";"H"
"0604";"CLASSE IV";"";"H"
"0605";"CLASSE V";"";"H"
"0606";"CLASSE VI";"";"H"
"0607";"CLASSE VII";"";"H"
"0608";"CLASSE VIII";"";"H"
"0609";"CLASSE IX";"";"H"
"0610";"CLASSE X";"";"H"
"0611";"CLASSE XI";"";"H"
"0612";"CLASSE XII";"";"H"
"0613";"CLASSE XIII";"";"H"
"0616";"CAPS I";"";"H"
"0620";"CAPS INFANTIL";"";"H"
"0701";"SERVICO DE REFERENCIA DE SAUDE DO TRABALHADOR ESTADUAL A";"";"H"
"0702";"SERVICO DE REFERENCIA DE SAUDE DO TRABALHADOR ESTADUAL B";"";"H"
"0703";"SERVICO DE REFERENCIA DE SAUDE DO TRABALHADOR ESTADUAL C";"";"H"
"0705";"SERVICO DE REFERENCIA DE SAUDE DO TRABALHADOR REGIONAL B";"";"H"
"0706";"SERVICO DE REFERENCIA DE SAUDE DO TRABALHADOR REGIONAL C";"";"H"
"0802";"CENTRO DE REFERENCIA EM ALTA COMPLEXIDADE CARDIOVASCULAR**";"";"H"
"0803";"CIRURGIA CARDIOVASCULAR E PROCEDIMENTOS EM CARDIOLOGIA INTERVENCIONISTA";"";"H"
"0805";"CIRURGIA VASCULAR";"";"H"
"0806";"CIRURGIA VASCULAR E PROCEDIMENTOS ENDOVASCULARES EXTRACARDIACOS";"";"H"
"0808";"IMPLANTE DE MARCAPASSO DEFINITIVO";"";"H"
"0809";"CIRURGIA CARDIACA";"";"H"
"0810";"LAB. ELETROFISIOLOGICO E TERAPIA INTERVENCIONISTA";"";"H"
"0902";"CUIDADOS PROLONGADOS - ENFERMIDADES PNEUMOLOGICAS";"P";"H"
"0904";"CUIDADOS PROLONGADOS - ENFERMIDADES OSTEOMUSCULAR E DO TECIDO CONJUNTIVO";"P";"H"
"0906";"CUIDADOS PROLONGADOS - ENFERMIDADES DECORRENTES DA AIDS";"P";"H"
"0907";"CUIDADOS PROLONGADOS - ENFERMIDADES DEVIDO A CAUSAS EXTERNAS";"P";"H"
"1101";"SERVICO HOSPITALAR PARA TRATAMENTO AIDS";"";"H"
"1102";"LABORATÓRIO ESPECIALIZADO EM CONTAGEM DE LINFÓCITOS T CD4+/CD8+ e HIV-1 QUANTIFICAÇĂO do RNA";"";"H"
"1202";"PROCEDIMENTOS CIRURGICOS, DIAGNOSTICOS OU TERAPEUTICOS -HOSPITAL DIA";"";"H"
"1204";"HOSPITAL DIA EM INTERCORRENCIAS POS - TRANSPLANTE DE MEDULA OSSEA E DE OUTROS PRECURSORES HEMATOPOETICOS";"";"H"
"1206";" HOSPITAL DIA - SAUDE MENTAL";"";"H"
"1402";"REFERENCIA HOSPITALAR EM ATENDIMENTO TERCIARIO A GESTACAO DE ALTO RISCO";"";"H"
"1403";"UNIDADE QUE REALIZA ASSISTENCIA AO PARTO SEM DISTOCIA POR ENFERMEIRO(A) OBSTETRA";"";"H"
"1404";"HOSPITAL AMIGO DA CRIANCA";"";"H"
"1406";"CENTRO DE REFERENCIA EM TRIAGEM NEONATAL /ACOMPANHAMENTO E TRATAMENTO - DOENCAS FALCIFORMES E OUTRAS HEMOGLOBINOPATIAS";"";"H"
"1407";"CENTRO DE REFERENCIA EM TRIAGEM NEONATAL/ACOMPANHAMENTO E TRATAMENTO - FIBROSE CISTICA";"";"H"
"1501";"UNIDADE DE ASSISTENCIA DE ALTA COMPLEXIDADE EM NEFROLOGIA(SERVIÇO DE NEFROLOGIA) ";"";"H"
"1502";"CENTRO DE REFERENCIA DE ALTA COMPLEXIDADE EM NEFROLOGIA";"";"H"
"1601";"UNIDADE DE ASSISTENCIA DE ALTA COMPLEXIDADE EM NEUROLOGIA/NEUROCIRURGIA*. ";"";"H"
"1603";"TRAUMA E ANOMALIAS DO DESENVOLVIMENTO";"";"H"
"1605";"TUMORES DO SISTEMA NERVOSO";"";"H"
"1608";"INVESTIGACAO E CIRURGIA DE EPILEPSIA";"";"H"
"1611";"EPILEPSIA";"";"H"
"1612";"NEUROCIRURGIA I";"";"H"
"1614";"NEUROCIRURGIA III";"";"H"
"1702";"CENTRO DE ALTA COMPLEXIDADE EM ONCOLOGIA - CACON II";"";"H"
"1703";"CENTRO DE ALTA COMPLEXIDADE EM ONCOLOGIA - CACON III";"";"H"
"1705";"SERVICO ISOLADO DE QUIMIOTERAPIA";"";"H"
"1901";"LAQUEADURA";"P";"H"
"1902";"VASECTOMIA";"P";"H"
"2101";"CENTRO DE REFERENCIA EM ASSISTENCIA A QUEIMADOS - MEDIA COMPLEXIDADE";"";"H"
"2102";"CENTRO DE REFERENCIA EM ASSISTENCIA A QUEIMADOS - ALTA COMPLEXIDADE";"";"H"
"2201";"CENTRO DE REFERENCIA DE REABILITACAO EM MEDICINA FISICA";"";"H"
"2301";"UNIDADE DE ASSISTENCIA DE ALTA COMPLEXIDADE EM TERAPIA NUTRICIONAL*";"";"H"
"2302";"CENTRO DE REFERENCIA DE ALTA COMPLEXIDADE EM TERAPIA NUTRICIONAL";"";"H"
"2306";"NUTRICAO ENTERAL";"";"H"
"7002";"HOSPITAL DE PEQUENO PORTE COM CONTRATO DE GESTAO/METAS";"P";"G"
"2402";"TRANSPLANTE DE CELULAS PROGENITORAS HEMATOPOETICAS ALOGENICO APARENTADO COM HLA IDENTICO";"";"H"
"2404";"TRANSPLANTE DE PANCREAS";"";"H"
"2405";"CONJUGADO RIM E PANCREAS";"";"H"
"7100";"TABELA DE NAO GERACAO DE CREDITO POR PRODUCAO NA INTERNACAO E/OU AMBULATORIO";"P";"C"
"2407";"TRANSPLANTE DE CORNEA/ESCLERA";"";"H"
"2412";"BUSCA ATIVA DE ORGAOS";"";"H"
"2414";"BANCO DE TECIDOS CARDIOVASCULARES";"";"H"
"2416";"CENTRO DE PROCESSAMENTO CELULAR";"";"H"
"2418";"EXAMES DE HISTOCOMPATIBILIDADE ATRAVES DE SOROLOGIA E OU BIOLOGIA MOLECULAR - TIPO II";"";"H"
"7003";"HOSPITAL FILANTROPICO COM CONTRATO DE GESTAO/METAS";"P";"G"
"2502";"CENTRO DE REFERENCIA DE ALTA COMPLEXIDADE EM TRAUMATO-ORTOPEDIA**";"";"H"
"2504";"CINTURA ESCAPULAR, OMBRO, BRACO E COTOVELO";"";"H"
"8101";"INTEGRASUS NIVEL A";"";"I"
"9101";"IAE-PI";"";"A"
"0503";"UNIDADE DE ATENÇĂO ESPECIALIZADA EM OFTALMOLOGIA";"";"H"
"0504";"CENTRO DE REFERĘNCIA EM OFTALMOLOGIA";"";"H"
"2423";"TRANSPLANTE DA VÁLVULA CARDÍACA HUMANA";"";"H"
"2424";"TRANSPLANTE DE PELE";"";"H"
"7115";"ESTABELECIMENTO DE SAÚDE SEM GERAÇĂO DE CRÉDITO NA MÉDIA COMPLEXIDADE - HU/MEC";"";"C"
"7116";"ESTABELECIMENTO DE SAÚDE SEM GERAÇĂO DE CRÉDITO NA MÉDIA COMPLEXIDADE - LRPD";"";"C"
"7114";"ESTABELECIMENTO DE SAÚDE SEM GERAÇĂO DE CRÉDITO TOTAL, INCLUSIVE FAEC - PRONTO ATENDIMENTO";"";"C"
"8108";"UPA - PORTE I";"";"I"
"8109";"UPA - PORTE II";"";"I"
"8110";"UPA - PORTE III";"";"I"
"8111";"UOM-UNIDADE MÓVEL ODONTÓGICA";"";"I"
"0635";"CAPS AD III";"";"H"
"8105";"CEO";"";"I"
"8106";"SAUDE DO TRABALHADOR";"";"I"
"8107";"NASF";"";"I"
"8104";"IAE-PI";"";"I"
"0901";"ADESĂO DO MUNICIPIO AO PROGRAMA DE HOSPITAL DE PEQUENO PORTE";"";"S"
"0902";"ADESĂO DO MUNICIPIO AO PROGRAMA SAMU";"";"S"
"0903";"ADESĂO DO ESTABELECIMENTO HOSPITALAR AO PROGRAMA DE REESTRUTURAÇĂO DE HOSPITAL FILANTROPICO";"";"S"
"3101";"HPP- HOSPITAL DE PEQUENO PORTE";"";"H"
"0505";"PROJETO OLHAR BRASIL";"";"H"
"0909";"ADESĂO DO MUNICIPIO AO PROJETO OLHAR BRASIL";"";"S"
"0910";"ADESĂO DO ESTABELECIMENTO AO PROJETO OLHAR BRASIL";"";"S"
"2422";"TRANSPLANTE DE TECIDO MÚSCULO ESQUELÉTICO";"";"H"
"2420";"RETIRADA DE ORGAOS E TECIDOS";"";"H"
"2421";"BANCO DE MULTITECIDOS";"";"H"
"0631";"NIVEL I - ESTABELECMENTO DE SAUDE COM nş DE LEITOS DE PSIQUIATRIA ATE 160";"";"H"
"0632";"NIVEL II - ESTABELECIMENTO DE SAUDE COM nş DE LEITOS DE PSIQUIATRIA ENTRE 161 A 240";"";"H"
"0633";"NIVEL III - ESTABELECIMENTO DE SAUDE COM nş DE LEITOS DE PSIQUIATRIA ENTRE 241 a 400";"";"H"
"0634";"NIVEL IV - ESTABELECIMENTO DE SAUDE COM nş DE LEITOS DE PSIQUIATRIA ACIMA de 400";"";"H"
"0614";"CLASSE XIV";"";"H"
"0615";"PNASS MAIOR QUE 80%";"";"H"
"0617";"CAPS II";"";"H"
"0618";"CAPS III";"";"H"
"0619";"CAPS ALCOOL E DROGAS";"";"H"
"0621";"SERVICO HOSPITALAR DE REFERENCIA PARA A ATENCAO INTEGRAL AOS USUARIOS DE ALCOOL E OUTRAS DROGAS";"";"H"
"0704";"SERVICO DE REFERENCIA DE SAUDE DO TRABALHADOR REGIONAL A";"";"H"
"0801";"UNIDADE DE ASSISTENCIA DE ALTA COMPLEXIDADE CARDIOVASCULAR*";"";"H"
"0804";"CIRURGIA CARDIOVASCULAR PEDIATRICA";"";"H"
"0807";"LABORATÓRIO DE ELETROFISIOLOGIA, CIRURGIA CARDIOVASCULAR E PROCEDIMENTOS DE CARDIOLOGIA INTERVENCIONISTA. O";"";"H"
"0901";"CUIDADOS PROLONGADOS - ENFERMIDADES CARDIOVASCULARES";"P";"H"
"0905";"ENFERMIDADES ONCOLOGICAS";"P";"H"
"1001";"CENTRO DE REFERENCIA NO TRATAMENTO DA DOR CRONICA";"";"H"
"1201";"FIBROSE CISTICA - HOSPITAL DIA";"";"H"
"1203";"HOSPITAL DIA - AIDS";"";"H"
"1205";"HOSPITAL DIA - GERIATRIA";"";"H"
"1301";"INTERNACAO DOMICILIAR";"";"H"
"1401";"REFERENCIA HOSPITALAR EM ATENDIMENTO SECUNDARIO A GESTACAO DE ALTO RISCO";"";"H"
"1405";"CENTRO DE REFERENCIA EM TRIAGEM NEONATAL /ACOMPANHAMENTO E TRATAMENTO DE DOENCAS CONGENITAS - FENILCETONURIA/HIPOTIREOIDISMO CONGENITO";"";"H"
"1503";"HEMODIALISE II";"";"H"
"1602";"CENTRO DE REFERENCIA DE ALTA COMPLEXIDADE EM NEUROLOGIA/NEUROCIRURGIA**. ";"";"H"
"1604";"COLUNA E DOS NERVOS PERIFERICOS";"";"H"
"1606";"NEUROCIRURGIA VASCULAR";"";"H"
"1607";"TRATAMENTO NEUROCIRÚRGICO DA DOR E FUNCIONAL";"";"H"
"1609";"TRATAMENTO NEURO ENDOVASCULAR";"";"H"
"1610";"NEUROCIRURGIA FUNCIONAL ESTERIOTAXICA";"";"H"
"1613";"NEUROCIRURGIA II";"";"H"
"1701";"CENTRO DE ALTA COMPLEXIDADE EM ONCOLOGIA - CACON I ";"";"H"
"1704";"SERVICO ISOLADO DE RADIOTERAPIA";"";"H"
"1801";"CENTRO DE REFERENCIA DE TRATAMENTO DE OSTEOGENESIS IMPERFECTA";"";"H"
"2001";"PROGRAMA DE ASSISTENCIA VENTILADORA NAO INVASIVA AOS PORTADORES DE DOENCAS NEUROMUSCULARES";"";"H"
"2202";"SERVIÇO DE REABILITACAO FISICA - NIVEL INTERMEDIARIO";"";"H"
"2303";"ENTERAL";"";"H"
"2304";"ENTERAL E PARENTERAL";"";"H"
"2401";"TRANSPLANTE DE CELULAS PROGENITORAS HEMATOPOETICAS AUTOLOGO";"";"H"
"2403";"TRANSPLANTE DE CELULAS PROGENITORAS HEMATOPOETICAS NAO APARENTADO";"";"H"
"2408";"TRANSPLANTE DE RIM";"";"H"
"2409";"TRANSPLANTE DE FIGADO";"";"H"
"2410";"TRANSPLANTE DE PULMAO";"";"H"
"2411";"TRANSPLANTE DE CORACAO";"";"H"
"2413";"BANCO DE TECIDO OCULAR HUMANO";"";"H"
"2415";"BANCO DE TECIDO MUSCULO ESQUELETICO";"";"H"
"2417";"EXAMES DE HISTOCOMPATIBILIDADE ATRAVES DE SOROLOGIA - TIPO I";"";"H"
"2501";"UNIDADE DE ASSISTENCIA DE ALTA COMPLEXIDADE EM TRAUMATO-ORTOPEDIA*";"";"H"
"2503";"COLUNA";"";"H"
"2505";"ANTEBRACO, PUNHO E MAO";"";"H"
"0903";"CUIDADOS PROLONGADOS - ENFERMIDADES NEUROLÓGICAS ";"P";"H"
"0907";"ADESĂO DO MUNICIPIO AO PROGRAMA DE CIDADANIA - PRONASCI";"";"S"
"0908";"ADESĂO DO ESTADO/DISTRITO FEDERAL AO PROJETO OLHAR BRASIL";"";"S"
"7008";"ESTABELECIMENTO DE SAÚDE PRIVADO AMBULATORIAL COM CONTRATO DE GESTĂO/METAS";"P";"G"
"7009";"ESTABELECIMENTO DE SAÚDE PRIVADO HOSPITALAR COM CONTRATO DE GESTĂO/METAS";"P";"G"
"2419";"BANCO DE PELE HUMANA";"";"H"
"2508";"PERNA, TORNOZELO E PE";"";"H"
"2509";"ORTOPEDIA INFANTIL";"";"H"
"2510";"TRAUMATOLOGIA ORTOPEDICA DE URGENCIA";"";"H"
"2511";"ORTOPEDIA - COLUNA";"";"H"
"2512";"ORTOPEDIA - OMBRO";"";"H"
"2513";"ORTOPEDIA - MAO";"";"H"
"2514";"ORTOPEDIA - QUADRIL";"";"H"
"2515";"ORTOPEDIA - JOELHO";"";"H"
"2516";"ORTOPEDIA - TUMOR OSSEO";"";"H"
"2517";"OUTROS SEGMENTOS OSSEOS";"";"H"
"7004";"HOSPITAL DE ENSINO COM CONTRATO DE GESTAO/METAS - MEC";"";"G"
"2601";"UNIDADE DE TERAPIA INTENSIVA ADULTO - UTI-A TIPO II";"";"H"
"2602";"UTI II NEONATAL";"";"H"
"2603";"UNIDADE DE TERAPIA INTENSIVA PEDIÁTRICA - UTI-PED TIPO II";"";"H"
"2604";"UNIDADE DE TERAPIA INTENSIVA ADULTO - UTI-A TIPO III";"";"H"
"2605";"UTI III NEONATAL";"";"H"
"2606";"UNIDADE DE TERAPIA INTENSIVA PEDIÁTRICA - UTI-PED TIPO III";"";"H"
"7107";"ESTABELECIMENTO SEM GERACAO DE CREDITO NAS ACOES ESPECIALIZADAS DE ODONTOLOGIA(INCENTIVO CEO I,II E III)";"P";"C"
"2701";"HOSPITAL TIPO I EM URGENCIA";"";"H"
"2702";"HOSPITAL TIPO II EM URGENCIA";"";"H"
"2703";"HOSPITAL TIPO III EM URGENCIA";"";"H"
"7108";"ESTABELECIMENTO SEM GERACAO DE CREDITO(INCENTIVO A SAUDE DO TRABALHADOR)";"P";"C"
"2801";"CUIDADOS INTERMEDIARIOS";"";"H"
"0405";"CEO III - CENTRO DE ESPECIALIDADES ODONTOLOGICAS";"";"H"
"2901";"VIDEOCIRURGIAS";"P";"H"
"7001";"HOSPITAL DE ENSINO COM CONTRATO DE GESTAO/METAS";"P";"G"
"5001";"HOSPITAL DE ENSINO";"";"E"
"6001";"HOSPITAL FILANTROPICO";"";"F"
"0623";"CLASSE II ESTABELECIMENTO COM NÚMERO DE LEITOS  ENTRE 20 E 80 COM  PONTUAÇĂO NO PNASH ENTRE 61% E 80 % E NÚMERO DE LEITOS ENTRE 81 E 120 COM PONTUAÇĂO NO PNASH ENTRE 81% E 100%";"";"H"
"2699";"UTI I";"";"H"
"0624";"CLASSE III ESTABELECIMENTO COM NÚMERO DE LEITOS  ENTRE 81 E 120 COM  PONTUAÇĂO NO PNASH ENTRE 61% E 80 % E NÚMERO DE LEITOS ENTRE 121 E 160 COM PONTUAÇĂO NO PNASH ENTRE 81% E 100%";"";"H"
"0625";"CLASSE IV ESTABELECIMENTO COM NÚMERO DE LEITOS  ENTRE 121 E 160 COM  PONTUAÇĂO NO PNASH ENTRE 61% E 80 % E NÚMERO DE LEITOS ENTRE 161 E 200 COM PONTUAÇĂO NO PNASH ENTRE 81% E 100%";"";"H"
"0626";"CLASSE V ESTABELECIMENTO COM NÚMERO DE LEITOS  ENTRE 161 E 200 COM  PONTUAÇĂO NO PNASH ENTRE 61% E 80 % E NÚMERO DE LEITOS ENTRE 201 E 240 COM PONTUAÇĂO NO PNASH ENTRE 81% E 100%";"";"H"
"0627";"CLASSE VI ESTABELECIMENTO COM NÚMERO DE LEITOS  ENTRE 201 E 240 COM  PONTUAÇĂO NO PNASH ENTRE 61% E 80 % E NÚMERO DE LEITOS ENTRE 241 E 400 COM PONTUAÇĂO NO PNASH ENTRE 81% E 100%";"";"H"
"0628";"CLASSE VII ESTABELECIMENTO COM NÚMERO DE LEITOS  ENTRE 241 E 400 COM  PONTUAÇĂO NO PNASH ENTRE 61% E 80 % E NÚMERO DE LEITOS ACIMA DE 400 COM PONTUAÇĂO NO PNASH ENTRE 81% E 100%";"";"H"
"0629";"CLASSE VIII ESTABELECIMENTO COM NÚMERO DE LEITOS  ACIMA DE 400 E PONTUAÇĂO NO PNASH ENTRE 61% E 80%";"";"H"
"2607";"UNIDADE DE TERAPIA INTENSIVA QUEIMADOS - UTI-Q";"";"H"
"0622";"CLASSE I- ESTABELECIMENTO COM NÚMERO DE LEITOS  ENTRE 20 E 80 COM PONTUAÇĂO NO PNASH - PROGRAMA NACIONAL DE AVALIAÇĂO DOS SERVIÇOS HOSPITALARES-  ENTRE 81% E 100%";"";"H"
"0630";"PSIQUIATRIA III";"";"H"
"7101";"ESTABELECIMENTO DE SAUDE SEM GERACAO DE CREDITO NA MEDIA COMPLEXIDADE AMBULATORIAL";"P";"C"
"7102";"ESTABELECIMENTO DE SAUDE SEM GERACAO DE CREDITO NA MEDIA COMPLEXIDADE HOSPITALAR";"P";"C"
"7104";"ESTABELECIMENTO DE SAUDE SEM GERACAO DE CREDITO NA ALTA COMPLEXIDADE HOSPITALAR";"P";"C"
"7103";"ESTABELECIMENTO DE SAUDE SEM GERACAO DE CREDITO NA ALTA COMPLEXIDADE AMBULATORIAL";"P";"C"
"7105";"ESTABELECIMENTO DE SAUDE SEM GERACAO DE CREDITO PARA OS PROCEDIMENTOS FINANCIADOS COM O FUN
DO DE ACOES ESTRATEGICAS E COMPENSACAO";"P";"C"
"7106";"ESTABELECIMENTO SEM GERAÇĂO DE CREDITO TOTAL - INCLUINDO FAEC";"P";"C"
"7010";"Estabelecimento sem geracao de credito no  grupo 10 - Acoes Especializadas em Odontologia da tabela SIA/SUS";"P";"C"
"1103";"TRATAMENTO DA LIPOATROFIA FACIAL DO PORTADOR DE HIV/AIDS";"";"H"
"1104";"TRATAMENTO DA LIPODISTROFIA DO PORTADOR DE HIV/AIDS";"";"H"
"2305";"ENTERAL E PARENTERAL COM MANIPULACAO E FABRICACAO DA FORMULA NUTRICIONAL";"";"H"
"2697";"UTI I NEONATAL";"";"H"
"2506";"CINTURA PELVICA, QUADRIL, COXA";"";"H"
"2507";"COXA, JOELHO E PERNA";"";"H"
"2696";"UTI I ADULTO";"";"H"
"7109";"ESTABELECIMENTO SEM GERACAO DE CREDITO TOTAL-MEC";"";"C"
"8102";"INTEGRASUS NIVEL B";"";"I"
"8103";"INTEGRASUS NIVEL C";"";"I"
"2698";"UTI I PEDIATRICA";"";"H"
"1105";"LABORATÓRIO ESPECIALIZADO EM CONTAGEM DE LINFÓCITOS T CD4+/CD8+";"";"H"
"1106";"LABORATÓRIO ESPECIALIZADO EM QUANTIFICAÇĂO do RNA do HIV-1";"";"H"
"1706";"UNACON";"";"H"
"1707";"UNACON COM SERVICO DE RADIOTERAPIA";"";"H"
"1708";"UNACON COM SERVICO DE HEMATOLOGIA";"";"H"
"1709";"UNACON COM SERVICO DE ONCOLOGIA PEDIATRICA";"";"H"
"1710";"UNACON EXCLUSIVA DE HEMATOLOGIA";"";"H"
"1711";"UNACON EXCLUSIVA DE ONCOLOGIA PEDIATRICA";"";"H"
"1712";"CACON";"";"H"
"1713";"CACON COM SERVICO DE ONCOLOGIA PEDIATRICA";"";"H"
"1714";"HOSPITAL GERAL COM CIRURGIA ONCOLOGICA";"";"H"
"0202";"UNID.DE ASSIST. DE ALTA COMPLEXIDADE AO PACIENTE PORTADOR DE OBESIDADE GRAVE";"";"H"
"7113";"ESTABELECIMENTO SEM GERAÇĂO DE CREDITO TOTAL - INCLUINDO FAEC - OUTROS ESTABELECIMENTOS FEDERAIS";"";"C"
"7006";"ESTABELECIMENTO DA REDE SARAH";"";"G"
"7007";"ESTABELECIMENTO DE OUTROS ORGĂOS FEDERAIS";"";"G"
"7112";"ESTABELECIMENTO SEM GERAÇĂO DE CREDITO TOTAL - INCLUINDO FAEC  - EXCLUSIVO PARA REDE SARAH";"";"C"
"3001";"UNIDADE DE ATENÇĂO ESPECIALIZADA NO PROCESSO TRANSEXUALIZADOR";"";"H"
"2203";"UNIDADE DE REABILITACAO VISUAL";"";"H"
"7005";"ESTABELECIMENTO DO MINISTERIO DA SAUDE COM CONTRATO DE GESTAO/METAS";"";"G"
"7110";"ESTABELECIMENTO DE SAUDE DA ESTRUTURA DO MINISTERIO DA SAUDE - SEM GERAÇAO DE CREDITO TOTAL";"";"C"
"7111";"ESTABELECIMENTO DE SAUDE SEM GERACAO DE CREDITO - EMULTI, EXCETO FAEC";"P";"C"
"1715";"SERVICO DE RADIOTERAPIA DE COMPLEXO HOSPITALAR";"";"H"
"1716";"SERVICO DE ONCOLOGIA CLINICA DE COMPLEXO HOSPITALAR";"";"H"
"8201";"QUALIFICACAO UPA 24H NOVA OPCAO III";"";"I"
"8202";"QUALIFICACAO UPA 24H NOVA OPCAO V";"";"I"
"8203";"QUALIFICACAO UPA 24H NOVA OPCAO VIII";"";"I"
"8204";"UPA 24H AMPLIADA OPCAO III";"";"I"
"8205";"UPA 24H AMPLIADA OPCAO V";"";"I"
"8206";"UPA 24H AMPLIADA OPCAO VIII";"";"I"
"8207";"SAMU 192 Qualificado";"";"I"
"8209";"LEITO DE GESTACAO E PUERPERIO DE ALTO RISCO - GPAR QUALIFICADO";"";"I"
"8211";"UCINCO QUALIFICADA";"";"I"
"8210";"Leito de Cuidado Integral ao Paciente com AVC";"";"I"
"8212";"Porta de Entrada Hospitalar de Urgęncia (PEHU) - Hospital Geral";"";"I"
"8213";"Porta de Entrada Hospitalar de Urgęncia (PEHU) - Hospital Especializado Tipo I";"";"I"
"8214";"Porta de Entrada Hospitalar de Urgęncia (PEHU) - Hospital Especializado Tipo II";"";"I"
"8215";"Enfermaria Clínica de Retaguarda";"";"I"
"8216";"Enfermaria de Retaguarda de Longa Permanęncia";"";"I"
"8217";"UTI ADULTO - QUALIFICADA MATERNA";"";"I"
"8218";"UTI Rede de Urgęncia e Emergęncia";"";"I"
"8219";"Serviço de Atençăo Domiciliar (SAD)";"";"I"
"8220";"Saúde Mental";"";"I"
"8221";"Unidade de Acolhimento (UA)";"";"I"
"8222";"Comunidades Terapęuticas";"";"I"
"8223";"Centro Especializado em Reabilitaçăo II (CER II)";"";"I"
"8224";"Centro Especializado em Reabilitaçăo III (CER III)";"";"I"
"8225";"Centro Especializado em Reabilitaçăo IV (CER IV)";"";"I"
"8208";"Sala de Estabilizaçăo";"";"I"
"1615";"CENTRO DE ATENDIMENTO DE URGENCIA TIPO I AOS PACIENTES COM AVC";"";"H"
"1616";"CENTRO DE ATENDIMENTO DE URGENCIA TIPO II AOS PACIENTES COM AVC";"";"H"
"1617";"CENTRO DE ATENDIMENTO DE URGENCIA TIPO III AOS PACIENTES COM AVC";"";"H"
"0908";"UNIDADE DE INTERNAÇĂO EM CUIDADOS PROLONGADOS(UCP)";"";"H"
"0915";"ADESĂO DO ESTABELECIMENTO AO PROGRAMA NACIONAL DE APOIO A ATENCAO A SAÚDE DA PESSOA COM DEFICIĘNCIA (PRONAS/PCD)";"";"S"
"0909";" HOSPITAL ESPECIALIZADO EM CUIDADOS PROLONGADOS (HCP)";"";"H"
"1408";"REFERENCIA EM TRIAGEM NEONATAL ETAPA I";"";"H"
"2802";"UNIDADE DE CUIDADOS INTERMEDIARIOS NEONATAL CONVENCIONAL - UCINCO";"";"H"
"2803";"UNIDADE DE CUIDADOS INTERMEDIARIOS NEONATAL CANGURU - UCINCA";"";"H"
"3201";"UNIDADE DE MAMOGRAFIA MÓVEL";"";"H"
"2610";"UNIDADE DE TERAPIA INTENSIVA NEONATAL TIPO II - UTIN II";"";"H"
"2611";"UNIDADE DE TERAPIA INTENSIVA NEONATAL TIPO III - UTIN III";"";"H"
"2204";"CENTRO DE REABILITAÇĂO AUDITIVA NA MÉDIA COMPLEXIDADE";"";"H"
"2205";"CENTRO DE REABILITAÇĂO AUDITIVA NA ALTA COMPLEXIDADE";"";"H"
"2206";"CENTRO DE REABILITAÇĂO INTELECTUAL";"";"H"
"2207";"NUCLEO DE ATENCAO A CRIANCA E ADOLESCENTE COM TRANSTORNO DO ESPECTRO AUTISTA";"";"H"
"2208";"CENTRO ESPECIALIZADO EM REABILITAÇĂO (CER) - MODALIDADE FISICA";"";"H"
"2209";"CENTRO ESPECIALIZADO EM REABILITAÇĂO (CER) - MODALIDADE INTELECTUAL";"";"H"
"2210";"CENTRO ESPECIALIZADO EM REABILITAÇĂO (CER) - MODALIDADE AUDITIVA";"";"H"
"2211";"CENTRO ESPECIALIZADO EM REABILITAÇĂO (CER) - MODALIDADE VISUAL ";"";"H"
"0914";"ADESĂO DO ESTABELECIMENTO AO PROGRAMA NACIONAL DE APOIO A ATENCAO ONCOLOGICA (PRONON)";"";"S"
"8238";"CEREST ESTADUAL";"";"I"
"8239";"CEREST MUNICIPAL";"";"I"
"8240";"CEREST REGIONAL";"";"I"
"1504";"ATENCAO ESPECIALIZADA EM DRC COM HEMODIALISE";"";"H"
"1505";"ATENCAO ESPECIALIZADA EM DRC COM DIALISE PERITONEAL";"";"H"
"1506";"ATENCAO ESPECIALIZADA EM DRC NOS ESTAGIOS 4 E 5 (PRE-DIALITICO)";"";"H"
"1507";"UNIDADE ESPECIALIZADA EM DRC COM TRS/DIÁLISE TIPO I COM HEMODIÁLISE";"";"H"
"1508";"UNIDADE ESPECIALIZADA EM DRC COM TRS/DIÁLISE TIPO I COM DIÁLISE PERITONEAL";"";"H"
"1509";"UNIDADE ESPECIALIZADA EM DRC COM TRS/DIÁLISE TIPO II COM HEMODIÁLISE";"";"H"
"1510";"UNIDADE ESPECIALIZADA EM DRC COM TRS/DIÁLISE TIPO II COM DIÁLISE PERITONEAL";"";"H"
"1511";"UNIDADE ESPECIALIZADA EM DRC COM TRS/DIÁLISE TIPO III COM HEMODIÁLISE";"";"H"
"1512";"UNIDADE ESPECIALIZADA EM DRC COM TRS/DIÁLISE TIPO III COM DIÁLISE PERITONEAL";"";"H"
"1513";"UNIDADE ESPECIALIZADA EM DRC COM TRS/DIÁLISE TIPO IV COM HEMODIÁLISE";"";"H"
"1514";"UNIDADE ESPECIALIZADA EM DRC COM TRS/DIÁLISE TIPO IV COM DIÁLISE PERITONEAL";"";"H"
"8244";"UNIDADE NA DOENÇA RENAL CRÔNICA (DRC) COM OU SEM TRS/DIÁLISE";"";"I"
"8245";"Central de Regulaçăo das Urgęncias SAMU 192";"";"I"
"8246";"Unidade Móvel de Atendimento Pré-hospitalar Aeromédico SAMU 192";"";"I"
"8247";"Unidade Móvel de Atendimento Pré-hospitalar Ambulancha SAMU 192";"";"I"
"8248";"Unidade Móvel de Atendimento Pré-hospitalar Motolância SAMU 192";"";"I"
"8249";"Unidade Móvel de Atendimento Pré-hospitalar USA SAMU 192";"";"I"
"8250";"Unidade Móvel de Atendimento Pré-hospitalar USB SAMU 192";"";"I"
"8251";"Central de Regulaçăo das Urgęncias SAMU 192 Qualificada";"";"I"
"8252";"Organizaçăo de Procura de Órgăos e Tecidos";"";"I"
"1416";"HOSPITAL AMIGO DA CRIANCA";"";"H"
"3513";"ATENÇĂO ESPECIALIZADA EM DOENÇAS RARAS - EIXO II  DR DE ORIGEM NĂO GENÉTICA: 4 OUTRAS DOENÇAS RARAS DE ORIGEM NĂO GENÉTICA";"";"H"
"3514";"SERVIÇO DE REFERĘNCIA EM DOENÇAS RARAS - EIXO II DR DE ORIGEM NĂO GENÉTICA: 4 OUTRAS DOENÇA RARA DE ORIGEM NĂO GENÉTICA";"";"H"
"3515";"SERVIÇO DE ACONSELHAMENTO GENÉTICO";"";"H"
"7117";"ESTABELECIMENTO DE SAÚDE SEM GERAÇĂO DE CRÉDITO NA MÉDIA COMPLEXIDADE (EXCETO OPM E FAEC) - RCPD";"";"C"
"2711";"ADMINISTRACAO PRE-HOSPITALAR DE TENECTEPLASE";"";"H"
"8253";"INDICE DE VALORIZACAO HOSPITALAR DE EMERGENCIA (IVH-E)";"";"I"
"1417";"UNIDADE DE CENTRO DE PARTO NORMAL PERI-HOSPITALAR 3PPP";"";"H"
"1418";"UNIDADE DE CENTRO DE PARTO NORMAL INTRA-HOSPITALAR TIPO II 3 PPP (CPNI II 3 PPP)";"";"H"
"1419";"UNIDADE DE CENTRO DE PARTO NORMAL INTRA-HOSPITALAR TIPO II 5 PPP (CPNI II 5 PPP)";"";"H"
"3701";"COLETA DE VESTÍGIOS DE VIOLĘNCIA SEXUAL";"";"H"
"1721";"HOSPITAL GERAL COM CIRURGIA DE CANCER DE COMPLEXO HOSPITALAR";"";"H"
"1302";"SERVIÇO DE ATENÇĂO DOMICILIAR";"";"H"
"9501";"ATENCAO PRIMARIA A SAUDE";"";"R"
"9502";"ATENCAO ESPECIALIZADA AMBULATORIAL";"";"R"
"9503";"ATENCAO ESPECIALIZADA HOSPITALAR E DE URGENCIA E EMERGENCIA";"";"R"
"0913";"ADESAO DO ESTABELECIMENTO AO PROJETO MAIS MÉDICOS";"";"S"
"3202";"LABORATÓRIO DE EXAMES CITOPATOLOGICOS DO COLO DE UTERO - TIPO I";"";"H"
"3203";"LABORATÓRIO DE MONITORAMENTO EXTERNO DE QUALIDADE DE EXAMES CITOPATOLOGICOS DE COLO DE UTERO - TIPO II";"";"H"
"3301";"LABORATÓRIO DE REFERĘNCIA NACIONAL (LRN)";"";"H"
"3302";"LABORATÓRIO DE REFERĘNCIA REGIONAL (LRN)";"";"H"
"3303";"CENTRO COLABORADOR";"";"H"
"3304";"LABORATÓRIO DE FRONTEIRA (LF)";"";"H"
"8255";"Leito de Cuidado ao Paciente com AVC Agudo";"";"I"
"2430";"TRANSPLANTE DE FIGADO POR IHH FEBRE AMARELA";"";"H"
"0305";"ATENCAO ESPECIALIZADA AS PESSOAS COM DEFICIENCIA AUDITIVA";"";"H"
"2431";"QUALIDOT NIVEL A";"";"H"
"2432";"QUALIDOT NIVEL B";"";"H"
"2433";"QUALIDOT NIVEL C";"";"H"
"2434";"QUALIDOT NIVEL D";"";"H"
"2435";"QUALIDOT NIVEL E";"";"H"
"1723";"RECONSTRUCAO MAMARIA POS-MASTECTOMIA TOTAL";"";"H"
"8286";"TRANSPORTE SANITARIO ADAPTADO I";"";"I"
"8287";"TRANSPORTE SANITARIO ADAPTADO II";"";"I"
"8288";"TRANSPORTE SANITARIO ADAPTADO III";"";"I"
"8289";"TRANSPORTE SANITARIO ADAPTADO IV";"";"I"
"8290";"NUCLEO DE ATENCAO A CRIANCA E ADOLESCENTE COM TRANSTORNO DO ESPECTRO AUTISTA";"";"I"
"8291";"INCENTIVO DE 20% NO CUSTEIO DO CER HABILITADO COM A MODALIDADE DE REABILITACAO INTELECTUAL";"";"I"
"8119";"HOSPITAL SEM FINS LUCRATIVOS 100% SUS";"";"I"
"2212";"OFICINA ORTOPEDICA FIXA";"";"H"
"2213";"OFICINA ORTOPEDICA ITINERANTE";"";"H"
"1420";"HOSPITAL DE REFERENCIA A GESTACAO E AO PUERPERIO DE ALTO RISCO - HGPAR";"";"H"
"1421";"AMBULATORIO DE GESTACAO E PUERPERIO DE ALTO RISCO - AGPAR";"";"H"
"1422";"AMBULATORIO DE SEGUIMENTO DO RN E CRIANÇA EGRESSO DE UNIDADE NEO - A-SEG";"";"H"
"8292";"UTIN II QUALIFICADA";"";"I"
"8293";"UTIN III QUALIFICADA";"";"I"
"8294";"UCINCA QUALIFICADA";"";"I"
"8295";"BANCO DE LEITE HUMANO - BLH";"";"I"
"8296";"BANCO DE LEITE HUMANO - BLH AUTOSSUFICIENTE";"";"I"
"8297";"TRANSPORTE INTER-HOSPITALAR DA REDE ALYNE";"";"I"
"8298";"CENTRAL DE REGULACAO DO ACESSO - QUALIFICACAO REDE ALYNE";"";"I"
"8299";"CENTRAL DE REGULACAO MEDICA DAS URGENCIAS - QUALIFICACAO REDE ALYNE";"";"I"
"2467";"TRANSPLANTE DE MEMBRANA AMNIOTICA";"";"H"
"2468";"BANCO DE MULTITECIDOS";"";"H"
"2469";"TRANSPLANTE PEDIATRICO TIPO I";"";"H"
"2470";"TRANSPLANTE PEDIATRICO TIPO II";"";"H"
"3807";"COMPONENTE ACESSO A RADIOTERAPIA";"";"H"
"2804";"UNIDADE DE CUIDADO INTERMEDIARIO ADULTO - UCI-A";"";"H"
"2805";"UNIDADE DE CUIDADO INTERMEDIARIO PEDIÁTRICA UCI-PED";"";"H"
"2471";"TRANSPLANTE DE CELULAS PROGENITORAS HEMATOPOETICAS ALOGENICO APARENTADO COM HLA HAPLOIDENTICO";"";"H"
"0406";"SERVIÇO DE ESPECIALIDADES EM SAUDE BUCAL";"";"H"
"2466";"TRANSPLANTE DE INTESTINO DELGADO OU MULTIVISCERAL";"";"H"
"3516";"TERAPIA GENICA";"";"H"
"3802";"AGORA TEM ESPECIALISTAS MODALIDADE 1";"";"H"
"3803";"AGORA TEM ESPECIALISTAS MODALIDADE 2 EQUIPES VOLANTES";"";"H"
"3804";"AGORA TEM ESPECIALISTAS MODALIDADE 3 UNIDADES MOVEIS";"";"H"
"3805";"AGORA TEM ESPECIALISTAS - COMPONENTE CREDITOS FINANCEIROS";"";"H"
"3806";"AGORA TEM ESPECIALISTAS - RESSARCIMENTO AO SUS";"";"H"
"3801";"PROGRAMA MAIS ACESSO A ESPECIALISTAS";"P";"H"
"2308";"SERVIÇO DE REFERENCIA EM TRATAMENTO DA PESSOA COM FALENCIA INTESTINAL";"";"H"
"2436";"INCREMENTO FINANCEIRO SNT TMO NIVEL A";"";"H"
"2437";"INCREMENTO FINANCEIRO SNT TMO NIVEL B";"";"H"
"2438";"INCREMENTO FINANCEIRO SNT TMO NIVEL C";"";"H"
"2439";"INCREMENTO FINANCEIRO SNT TMO NIVEL D";"";"H"
"2440";"INCREMENTO FINANCEIRO SNT TMO NIVEL E";"";"H"
"2441";"INCREMENTO FINANCEIRO SNT PANCREAS NIVEL A";"";"H"
"2442";"INCREMENTO FINANCEIRO SNT PANCREAS NIVEL B";"";"H"
"2443";"INCREMENTO FINANCEIRO SNT PANCREAS NIVEL C";"";"H"
"2444";"INCREMENTO FINANCEIRO SNT PANCREAS NIVEL D";"";"H"
"2445";"INCREMENTO FINANCEIRO SNT PANCREAS NIVEL E";"";"H"
"2446";"INCREMENTO FINANCEIRO SNT RIM NIVEL A";"";"H"
"2447";"INCREMENTO FINANCEIRO SNT RIM NIVEL B";"";"H"
"2448";"INCREMENTO FINANCEIRO SNT RIM NIVEL C";"";"H"
"2449";"INCREMENTO FINANCEIRO SNT RIM NIVEL D";"";"H"
"2450";"INCREMENTO FINANCEIRO SNT RIM NIVEL E";"";"H"
"2451";"INCREMENTO FINANCEIRO SNT FIGADO NIVEL A";"";"H"
"2452";"INCREMENTO FINANCEIRO SNT FIGADO NIVEL B";"";"H"
"2453";"INCREMENTO FINANCEIRO SNT FIGADO NIVEL C";"";"H"
"2454";"INCREMENTO FINANCEIRO SNT FIGADO NIVEL D";"";"H"
"2455";"INCREMENTO FINANCEIRO SNT FIGADO NIVEL E";"";"H"
"2456";"INCREMENTO FINANCEIRO SNT PULMAO NIVEL A";"";"H"
"2457";"INCREMENTO FINANCEIRO SNT PULMAO NIVEL B";"";"H"
"2458";"INCREMENTO FINANCEIRO SNT PULMAO NIVEL C";"";"H"
"2459";"INCREMENTO FINANCEIRO SNT PULMAO NIVEL D";"";"H"
"2460";"INCREMENTO FINANCEIRO SNT PULMAO NIVEL E";"";"H"
"2461";"INCREMENTO FINANCEIRO SNT CORACAO NIVEL A";"";"H"
"2462";"INCREMENTO FINANCEIRO SNT CORACAO NIVEL B";"";"H"
"2463";"INCREMENTO FINANCEIRO SNT CORACAO NIVEL C";"";"H"
"2464";"INCREMENTO FINANCEIRO SNT CORACAO NIVEL D";"";"H"
"2465";"INCREMENTO FINANCEIRO SNT CORACAO NIVEL E";"";"H"
"2902";"PMAE - COMPONENTE CIRURGIAS";"P";"H"
"8116";"DRC CATEGORIA I";"";"I"
"1618";"NEUROCIRURGIA ENDOVASCULAR/TROMBECTOMIA MECANICA";"";"H"
"8117";"DRC CATEGORIA II";"";"I"
